_id,name,firstName,lastName,email,password,phone,role,city,state,status,organizationName,organizationType,vehicleType,createdAt
dcd7eb943cd8b76bdbbcc6f3,Rajesh Kumar,Rajesh,Kumar,admin@foodbridge.org,$2b$12$FtA3iiAD1KlpTgbftVdabeUoNxRfjKKBd5gfDPTjDBAyigqzG5hgS,+91 9845012345,admin,Bangalore,Karnataka,active,FoodBridge Admin,other,,2025-12-12T02:12:03.379Z
78dcc604dcd338ad16d3fe4d,Ananya Verma,Ananya,Verma,ananya.verma0@gmail.com,$2b$12$FtA3iiAD1KlpTgbftVdabeUoNxRfjKKBd5gfDPTjDBAyigqzG5hgS,+91 8424117279,donor,Bangalore,Karnataka,active,Vidyarthi Bhavan,corporate,,2025-11-15T01:25:08.049Z
501cba39e4acdecc5ea6326e,Vikram Gowda,Vikram,Gowda,vikram.gowda1@gmail.com,$2b$12$FtA3iiAD1KlpTgbftVdabeUoNxRfjKKBd5gfDPTjDBAyigqzG5hgS,+91 9544953393,donor,Mysore,Karnataka,active,Lemon Tree Hotel,corporate,,2025-12-10T16:40:33.098Z
fc5efcd352f6821eb1dd2114,Priya Shenoy,Priya,Shenoy,priya.shenoy2@gmail.com,$2b$12$FtA3iiAD1KlpTgbftVdabeUoNxRfjKKBd5gfDPTjDBAyigqzG5hgS,+91 9499911314,donor,Hubli,Karnataka,active,Mavalli Tiffin Rooms,caterer,,2025-10-22T17:14:48.444Z
8e8edcb7bb4f7522587cd2e1,Suresh Acharya,Suresh,Acharya,suresh.acharya3@gmail.com,$2b$12$FtA3iiAD1KlpTgbftVdabeUoNxRfjKKBd5gfDPTjDBAyigqzG5hgS,+91 9605306746,donor,Mangalore,Karnataka,active,Hotel Janardhan,corporate,,2025-12-10T02:14:40.637Z
75953b5bd3862a4fcb048d40,Deepa Rao,Deepa,Rao,deepa.rao4@gmail.com,$2b$12$FtA3iiAD1KlpTgbftVdabeUoNxRfjKKBd5gfDPTjDBAyigqzG5hgS,+91 9852800899,donor,Belgaum,Karnataka,active,Hotel Janardhan,caterer,,2026-01-03T18:56:10.650Z
d94252af0a6a69796c98aae0,Karthik Iyer,Karthik,Iyer,karthik.iyer5@gmail.com,$2b$12$FtA3iiAD1KlpTgbftVdabeUoNxRfjKKBd5gfDPTjDBAyigqzG5hgS,+91 8957254516,donor,Davanagere,Karnataka,active,Toit Brewpub,hotel,,2025-11-19T05:03:25.157Z
897f514915aaf0ef76cbb30a,Meenakshi Reddy,Meenakshi,Reddy,meenakshi.reddy6@gmail.com,$2b$12$FtA3iiAD1KlpTgbftVdabeUoNxRfjKKBd5gfDPTjDBAyigqzG5hgS,+91 8544975863,donor,Shimoga,Karnataka,active,MTR Foods,caterer,,2026-01-04T21:05:10.705Z
6f11ced354c71808edde80c0,Abdul Ballal,Abdul,Ballal,abdul.ballal7@gmail.com,$2b$12$FtA3iiAD1KlpTgbftVdabeUoNxRfjKKBd5gfDPTjDBAyigqzG5hgS,+91 9821656333,donor,Udupi,Karnataka,active,Sangam Hotel,hotel,,2025-10-21T20:34:06.640Z
04e7bb4a059b6d89918736d6,Lakshmi Rasheed,Lakshmi,Rasheed,lakshmi.rasheed8@gmail.com,$2b$12$FtA3iiAD1KlpTgbftVdabeUoNxRfjKKBd5gfDPTjDBAyigqzG5hgS,+91 9952066987,donor,Gulbarga,Karnataka,active,Toit Brewpub,restaurant,,2025-11-18T16:10:55.574Z
e1ceadb212b5fc7435fd7dd5,Naveen Acharya,Naveen,Acharya,naveen.acharya9@gmail.com,$2b$12$FtA3iiAD1KlpTgbftVdabeUoNxRfjKKBd5gfDPTjDBAyigqzG5hgS,+91 9047214085,donor,Raichur,Karnataka,active,Hotel Dwarka,corporate,,2025-12-18T13:47:50.322Z
789a768914cc74e6a1f45fe8,Amit Kudva,Amit,Kudva,amit.kudva10@gmail.com,$2b$12$FtA3iiAD1KlpTgbftVdabeUoNxRfjKKBd5gfDPTjDBAyigqzG5hgS,+91 8586209770,donor,Bangalore,Karnataka,active,Lemon Tree Hotel,caterer,,2025-10-20T16:26:16.955Z
f40f10e098bf313a2e55890b,Sneha Sharma,Sneha,Sharma,sneha.sharma11@gmail.com,$2b$12$FtA3iiAD1KlpTgbftVdabeUoNxRfjKKBd5gfDPTjDBAyigqzG5hgS,+91 8974472184,donor,Mysore,Karnataka,active,MTR Foods,hotel,,2025-10-13T07:38:39.498Z
99d72b95973177025cfd242b,Rahul Mallya,Rahul,Mallya,rahul.mallya12@gmail.com,$2b$12$FtA3iiAD1KlpTgbftVdabeUoNxRfjKKBd5gfDPTjDBAyigqzG5hgS,+91 9524199745,donor,Hubli,Karnataka,active,Kamat Yatrinivas,restaurant,,2025-11-26T12:47:03.470Z
cba19fd1f22bc5c1489edff6,Divya Swamy,Divya,Swamy,divya.swamy13@gmail.com,$2b$12$FtA3iiAD1KlpTgbftVdabeUoNxRfjKKBd5gfDPTjDBAyigqzG5hgS,+91 7919683545,donor,Mangalore,Karnataka,active,Hotel Janardhan,restaurant,,2025-11-02T04:54:33.030Z
e79efed725701e061c43823e,Manoj Shetty,Manoj,Shetty,manoj.shetty14@gmail.com,$2b$12$FtA3iiAD1KlpTgbftVdabeUoNxRfjKKBd5gfDPTjDBAyigqzG5hgS,+91 7231564421,donor,Belgaum,Karnataka,active,MTR Foods,restaurant,,2025-10-07T10:40:47.430Z
a28b2fee2d8a1d7f5413c88d,Arun Kamath,Arun,Kamath,arun.kamath15@gmail.com,$2b$12$FtA3iiAD1KlpTgbftVdabeUoNxRfjKKBd5gfDPTjDBAyigqzG5hgS,+91 7203699783,donor,Davanagere,Karnataka,active,Brahmin's Coffee Bar,corporate,,2025-12-17T16:27:54.275Z
a16b86b8cddd488059b1661c,Kavita Shetty,Kavita,Shetty,kavita.shetty16@gmail.com,$2b$12$FtA3iiAD1KlpTgbftVdabeUoNxRfjKKBd5gfDPTjDBAyigqzG5hgS,+91 8448407629,donor,Shimoga,Karnataka,active,Green Park Hotel,hotel,,2025-11-15T11:43:03.961Z
fc6633a41b26441112e84894,Sanjay Devi,Sanjay,Devi,sanjay.devi17@gmail.com,$2b$12$FtA3iiAD1KlpTgbftVdabeUoNxRfjKKBd5gfDPTjDBAyigqzG5hgS,+91 9567804404,donor,Udupi,Karnataka,active,Green Park Hotel,restaurant,,2025-10-11T14:43:56.411Z
e51757ad6c32b5febfbe49ff,Pooja Reddy,Pooja,Reddy,pooja.reddy18@gmail.com,$2b$12$FtA3iiAD1KlpTgbftVdabeUoNxRfjKKBd5gfDPTjDBAyigqzG5hgS,+91 7952869462,donor,Gulbarga,Karnataka,active,Citrus Hotel,caterer,,2025-11-27T12:35:28.603Z
daa97ec3227390a8cdf91f87,Ramesh Reddy,Ramesh,Reddy,ramesh.reddy19@gmail.com,$2b$12$FtA3iiAD1KlpTgbftVdabeUoNxRfjKKBd5gfDPTjDBAyigqzG5hgS,+91 9800854962,donor,Raichur,Karnataka,active,Koshy's Restaurant,corporate,,2025-11-20T23:31:54.386Z
c2d7bfd84f7dcfdefde59f01,Nisha Gowda,Nisha,Gowda,nisha@akshayapatrafoundation.org,$2b$12$FtA3iiAD1KlpTgbftVdabeUoNxRfjKKBd5gfDPTjDBAyigqzG5hgS,+91 8413335973,ngo,Bangalore,Karnataka,active,Akshaya Patra Foundation,ngo,,2025-10-24T22:36:20.716Z
bc06576f75cccafbef4fc17f,Ganesh Sharma,Ganesh,Sharma,ganesh@feedingindia.org,$2b$12$FtA3iiAD1KlpTgbftVdabeUoNxRfjKKBd5gfDPTjDBAyigqzG5hgS,+91 9809111678,ngo,Mysore,Karnataka,active,Feeding India,ngo,,2025-12-30T09:31:39.680Z
c773c75663c588ad7ab910b9,Swathi Reddy,Swathi,Reddy,swathi@robinhoodarmykarnataka.org,$2b$12$FtA3iiAD1KlpTgbftVdabeUoNxRfjKKBd5gfDPTjDBAyigqzG5hgS,+91 8923017358,ngo,Hubli,Karnataka,active,Robin Hood Army Karnataka,ngo,,2025-11-19T01:32:57.280Z
6802704c9cfdca5055660608,Harish Pai,Harish,Pai,harish@annapoornatrust.org,$2b$12$FtA3iiAD1KlpTgbftVdabeUoNxRfjKKBd5gfDPTjDBAyigqzG5hgS,+91 8131093622,ngo,Mangalore,Karnataka,active,Annapoorna Trust,ngo,,2025-12-27T22:37:19.895Z
6824fda0d2144bf0d3240bd4,Meera Patel,Meera,Patel,meera@adamyachetana.org,$2b$12$FtA3iiAD1KlpTgbftVdabeUoNxRfjKKBd5gfDPTjDBAyigqzG5hgS,+91 9952814248,ngo,Belgaum,Karnataka,active,Adamya Chetana,ngo,,2025-10-24T23:38:37.792Z
a6ca14f81606d5bd15bb6901,Rohit Rasheed,Rohit,Rasheed,rohit@iskconfoodrelief.org,$2b$12$FtA3iiAD1KlpTgbftVdabeUoNxRfjKKBd5gfDPTjDBAyigqzG5hgS,+91 7418277943,ngo,Davanagere,Karnataka,active,Iskcon Food Relief,ngo,,2025-11-12T16:50:22.452Z
20c888892262b8d3eaac4864,Anjali Rasheed,Anjali,Rasheed,anjali@infosysfoundation.org,$2b$12$FtA3iiAD1KlpTgbftVdabeUoNxRfjKKBd5gfDPTjDBAyigqzG5hgS,+91 8568726382,ngo,Shimoga,Karnataka,active,Infosys Foundation,ngo,,2025-11-07T15:43:50.875Z
959ca5c0337bf46dc1fe18d2,Prasad Iyer,Prasad,Iyer,prasad@wiprocares.org,$2b$12$FtA3iiAD1KlpTgbftVdabeUoNxRfjKKBd5gfDPTjDBAyigqzG5hgS,+91 8083954290,ngo,Udupi,Karnataka,active,Wipro Cares,ngo,,2025-11-15T03:55:56.286Z
7d27e8062de9ae0bcb14d7ab,Rekha Sharma,Rekha,Sharma,rekha@nofoodwastebangalore.org,$2b$12$FtA3iiAD1KlpTgbftVdabeUoNxRfjKKBd5gfDPTjDBAyigqzG5hgS,+91 8986011262,ngo,Gulbarga,Karnataka,active,No Food Waste Bangalore,ngo,,2025-12-24T03:50:25.734Z
398b9f6084af42e571e303c1,Vinay Menon,Vinay,Menon,vinay@rotibankkarnataka.org,$2b$12$FtA3iiAD1KlpTgbftVdabeUoNxRfjKKBd5gfDPTjDBAyigqzG5hgS,+91 8079944013,ngo,Raichur,Karnataka,active,Roti Bank Karnataka,ngo,,2026-01-19T08:11:38.945Z
0d36db5bd39fbe8e225b89f1,Shilpa Acharya,Shilpa,Acharya,shilpa@foodforalltrust.org,$2b$12$FtA3iiAD1KlpTgbftVdabeUoNxRfjKKBd5gfDPTjDBAyigqzG5hgS,+91 8545482541,ngo,Bangalore,Karnataka,active,Food For All Trust,ngo,,2025-12-19T13:03:31.029Z
4bf3b3b05e5afde576fb66ad,Mohan Shenoy,Mohan,Shenoy,mohan@bangalorebaptisthospitalkitchen.org,$2b$12$FtA3iiAD1KlpTgbftVdabeUoNxRfjKKBd5gfDPTjDBAyigqzG5hgS,+91 8238208586,ngo,Mysore,Karnataka,active,Bangalore Baptist Hospital Kitchen,ngo,,2025-12-18T16:01:39.969Z
edbb5d00a928ee7a72276a3d,Geeta Devi,Geeta,Devi,geeta@sevacafebangalore.org,$2b$12$FtA3iiAD1KlpTgbftVdabeUoNxRfjKKBd5gfDPTjDBAyigqzG5hgS,+91 7951448023,ngo,Hubli,Karnataka,active,Seva Cafe Bangalore,ngo,,2025-12-26T22:58:44.257Z
ea597221d2015802ab98757f,Anil Amin,Anil,Amin,anil@nammaoorufoundation.org,$2b$12$FtA3iiAD1KlpTgbftVdabeUoNxRfjKKBd5gfDPTjDBAyigqzG5hgS,+91 9267696642,ngo,Mangalore,Karnataka,active,Namma Ooru Foundation,ngo,,2025-11-07T00:58:34.958Z
24dca00547f82843a086a63c,Sunita Joshi,Sunita,Joshi,sunita@helpageindiakarnataka.org,$2b$12$FtA3iiAD1KlpTgbftVdabeUoNxRfjKKBd5gfDPTjDBAyigqzG5hgS,+91 9848361261,ngo,Belgaum,Karnataka,active,HelpAge India Karnataka,ngo,,2025-12-27T00:10:50.991Z
adc61879d888fdcddfd1c29e,Ravi Rao,Ravi,Rao,ravi.rao0@gmail.com,$2b$12$FtA3iiAD1KlpTgbftVdabeUoNxRfjKKBd5gfDPTjDBAyigqzG5hgS,+91 9299569761,volunteer,Bangalore,Karnataka,active,,,motorcycle,2025-11-20T19:18:55.258Z
daadf8ce8978a2285c7d0790,Bhavna Iyer,Bhavna,Iyer,bhavna.iyer1@gmail.com,$2b$12$FtA3iiAD1KlpTgbftVdabeUoNxRfjKKBd5gfDPTjDBAyigqzG5hgS,+91 9226526922,volunteer,Mysore,Karnataka,active,,,auto-rickshaw,2025-12-20T02:55:34.518Z
971fcc88a9e93eb6f9197b62,Kishore Naidu,Kishore,Naidu,kishore.naidu2@gmail.com,$2b$12$FtA3iiAD1KlpTgbftVdabeUoNxRfjKKBd5gfDPTjDBAyigqzG5hgS,+91 7176490148,volunteer,Hubli,Karnataka,active,,,bicycle,2025-12-10T03:15:30.204Z
f39098d8a8e5624b73c72da0,Padma Swamy,Padma,Swamy,padma.swamy3@gmail.com,$2b$12$FtA3iiAD1KlpTgbftVdabeUoNxRfjKKBd5gfDPTjDBAyigqzG5hgS,+91 8147265083,volunteer,Mangalore,Karnataka,active,,,bicycle,2025-11-14T17:25:32.665Z
42c44e7a405aa5347cbb400c,Santosh Shenoy,Santosh,Shenoy,santosh.shenoy4@gmail.com,$2b$12$FtA3iiAD1KlpTgbftVdabeUoNxRfjKKBd5gfDPTjDBAyigqzG5hgS,+91 8502581408,volunteer,Belgaum,Karnataka,active,,,bicycle,2025-12-09T21:28:54.198Z
04153986e3940efd1dd085af,Suma Kumar,Suma,Kumar,suma.kumar5@gmail.com,$2b$12$FtA3iiAD1KlpTgbftVdabeUoNxRfjKKBd5gfDPTjDBAyigqzG5hgS,+91 7468354890,volunteer,Davanagere,Karnataka,active,,,motorcycle,2025-10-06T10:11:46.305Z
bf1fe175a0ef9f56b715e988,Venkat Kudva,Venkat,Kudva,venkat.kudva6@gmail.com,$2b$12$FtA3iiAD1KlpTgbftVdabeUoNxRfjKKBd5gfDPTjDBAyigqzG5hgS,+91 9402924874,volunteer,Shimoga,Karnataka,active,,,auto-rickshaw,2025-12-20T12:48:02.115Z
6dd6f81fe0369535baedf4b6,Lata Naidu,Lata,Naidu,lata.naidu7@gmail.com,$2b$12$FtA3iiAD1KlpTgbftVdabeUoNxRfjKKBd5gfDPTjDBAyigqzG5hgS,+91 9900307246,volunteer,Udupi,Karnataka,active,,,motorcycle,2025-12-26T09:29:28.266Z
39d85ae3b91cb2f4662da4fd,Mahesh Pai,Mahesh,Pai,mahesh.pai8@gmail.com,$2b$12$FtA3iiAD1KlpTgbftVdabeUoNxRfjKKBd5gfDPTjDBAyigqzG5hgS,+91 7353545496,volunteer,Gulbarga,Karnataka,active,,,motorcycle,2026-01-08T19:50:03.901Z
d966c10ae11aed045169ab41,Usha Patel,Usha,Patel,usha.patel9@gmail.com,$2b$12$FtA3iiAD1KlpTgbftVdabeUoNxRfjKKBd5gfDPTjDBAyigqzG5hgS,+91 8151140772,volunteer,Raichur,Karnataka,active,,,motorcycle,2025-11-20T09:18:31.469Z
6fc8a94356af32897a611d62,Praveen Bhat,Praveen,Bhat,praveen.bhat10@gmail.com,$2b$12$FtA3iiAD1KlpTgbftVdabeUoNxRfjKKBd5gfDPTjDBAyigqzG5hgS,+91 9840349740,volunteer,Bangalore,Karnataka,active,,,bicycle,2025-12-29T18:51:26.324Z
7497e297dd56bf0fb95d3daf,Savita Gowda,Savita,Gowda,savita.gowda11@gmail.com,$2b$12$FtA3iiAD1KlpTgbftVdabeUoNxRfjKKBd5gfDPTjDBAyigqzG5hgS,+91 8298102629,volunteer,Mysore,Karnataka,active,,,car,2025-10-10T16:03:50.072Z
5154aa39e76765fa519a8367,Girish Verma,Girish,Verma,girish.verma12@gmail.com,$2b$12$FtA3iiAD1KlpTgbftVdabeUoNxRfjKKBd5gfDPTjDBAyigqzG5hgS,+91 7981417340,volunteer,Hubli,Karnataka,active,,,van,2025-12-27T15:52:21.696Z
f83839f2aa075ba75f8bbcae,Jyothi Kulkarni,Jyothi,Kulkarni,jyothi.kulkarni13@gmail.com,$2b$12$FtA3iiAD1KlpTgbftVdabeUoNxRfjKKBd5gfDPTjDBAyigqzG5hgS,+91 8543800193,volunteer,Mangalore,Karnataka,active,,,motorcycle,2026-01-15T13:53:05.122Z
89673d26f66ce9bad82a5d08,Ashok Kumar,Ashok,Kumar,ashok.kumar14@gmail.com,$2b$12$FtA3iiAD1KlpTgbftVdabeUoNxRfjKKBd5gfDPTjDBAyigqzG5hgS,+91 9119310926,volunteer,Belgaum,Karnataka,active,,,van,2025-12-29T14:07:15.192Z
f22439cd039f37f72017869c,Mangala Kumar,Mangala,Kumar,mangala.kumar15@gmail.com,$2b$12$FtA3iiAD1KlpTgbftVdabeUoNxRfjKKBd5gfDPTjDBAyigqzG5hgS,+91 9647157665,volunteer,Davanagere,Karnataka,active,,,auto-rickshaw,2026-01-02T00:14:00.002Z
7454a5d5aa6ae7be22a26df6,Satish Kamath,Satish,Kamath,satish.kamath16@gmail.com,$2b$12$FtA3iiAD1KlpTgbftVdabeUoNxRfjKKBd5gfDPTjDBAyigqzG5hgS,+91 9792243103,volunteer,Shimoga,Karnataka,active,,,van,2026-01-12T09:54:47.379Z
c302ee97df6cd1e4168e3266,Aruna Patel,Aruna,Patel,aruna.patel17@gmail.com,$2b$12$FtA3iiAD1KlpTgbftVdabeUoNxRfjKKBd5gfDPTjDBAyigqzG5hgS,+91 8349147283,volunteer,Udupi,Karnataka,active,,,bicycle,2025-11-13T20:13:27.018Z
210e2119bbde22816907aafe,Dinesh Verma,Dinesh,Verma,dinesh.verma18@gmail.com,$2b$12$FtA3iiAD1KlpTgbftVdabeUoNxRfjKKBd5gfDPTjDBAyigqzG5hgS,+91 9579224959,volunteer,Gulbarga,Karnataka,active,,,van,2026-01-18T22:32:45.569Z
d26845e77bab2f7e26e7b1a3,Vasudha Kamath,Vasudha,Kamath,vasudha.kamath19@gmail.com,$2b$12$FtA3iiAD1KlpTgbftVdabeUoNxRfjKKBd5gfDPTjDBAyigqzG5hgS,+91 7144697351,volunteer,Raichur,Karnataka,active,,,bicycle,2025-12-26T21:12:43.732Z
2f4fcb1a9936258e3a3cad5f,Nagaraj Swamy,Nagaraj,Swamy,nagaraj.swamy20@gmail.com,$2b$12$FtA3iiAD1KlpTgbftVdabeUoNxRfjKKBd5gfDPTjDBAyigqzG5hgS,+91 7353048869,volunteer,Bangalore,Karnataka,active,,,bicycle,2025-12-22T01:36:24.736Z
827d689efe2a618b3cd9a9d6,Shobha Kudva,Shobha,Kudva,shobha.kudva21@gmail.com,$2b$12$FtA3iiAD1KlpTgbftVdabeUoNxRfjKKBd5gfDPTjDBAyigqzG5hgS,+91 8711083070,volunteer,Mysore,Karnataka,active,,,bicycle,2026-01-19T13:17:56.031Z
ef2685b6ccea74f6152e5ea2,Murali Pai,Murali,Pai,murali.pai22@gmail.com,$2b$12$FtA3iiAD1KlpTgbftVdabeUoNxRfjKKBd5gfDPTjDBAyigqzG5hgS,+91 9061037689,volunteer,Hubli,Karnataka,active,,,car,2025-11-23T08:56:00.991Z
35066f8689d11fd8c31f9d98,Pushpa Kudva,Pushpa,Kudva,pushpa.kudva23@gmail.com,$2b$12$FtA3iiAD1KlpTgbftVdabeUoNxRfjKKBd5gfDPTjDBAyigqzG5hgS,+91 7462994927,volunteer,Mangalore,Karnataka,active,,,car,2025-12-17T09:09:05.173Z